<application>
  <component name="DownloadModelConsentState">
    <option name="lastNotificationTimestamps">
      <map>
        <entry language="CSS" lastNotificationTimestamp="1746918136890" />
        <entry language="HTML" lastNotificationTimestamp="1747061148020" />
        <entry language="JavaScript" lastNotificationTimestamp="1746917377337" />
      </map>
    </option>
  </component>
  <component name="InlineShortcutChoice">
    <option name="choiceShownTimes" value="50" />
  </component>
  <component name="MLServerCompletionSettings">
    <option name="enable" value="false" />
  </component>
</application>