<application>
  <component name="ProjectManager">
    <defaultProject>
      <component name="PropertiesComponent"><![CDATA[{
  "keyToString": {
    "settings.editor.selected.configurable": "preferences.keymap"
  }
}]]></component>
      <component name="WindowStateProjectService">
        <state x="464" y="148" key="SettingsEditor" timestamp="1708609454289">
          <screen x="0" y="0" width="1920" height="1026" />
        </state>
        <state x="464" y="148" key="SettingsEditor/0.0.1920.1026" timestamp="1708609454289" />
      </component>
    </defaultProject>
  </component>
</application>