<application>
  <component name="ProjectManager">
    <defaultProject>
      <component name="PropertiesComponent">{
  &quot;keyToString&quot;: {
    &quot;settings.editor.selected.configurable&quot;: &quot;preferences.keymap&quot;
  }
}</component>
      <component name="WindowStateProjectService">
        <state x="735" y="205" width="428" height="480" key="FileChooserDialogImpl" timestamp="1739283123341">
          <screen x="0" y="0" width="1920" height="1080" />
        </state>
        <state x="735" y="205" width="428" height="480" key="FileChooserDialogImpl/0.0.1920.1080" timestamp="1739283123341" />
        <state x="556" y="136" width="800" height="706" key="new project wizard" timestamp="1739286479698">
          <screen x="0" y="0" width="1920" height="1080" />
        </state>
        <state x="556" y="136" width="800" height="706" key="new project wizard/0.0.1920.1080" timestamp="1739286479698" />
      </component>
    </defaultProject>
  </component>
</application>