<application>
  <component name="Trusted.Paths">
    <option name="TRUSTED_PROJECT_PATHS">
      <map>
        <entry key="$USER_HOME$/kafka-tutorial-project/wikimedia-kafka" value="true" />
        <entry key="$USER_HOME$/kafka-tutorial/kafkatutorial" value="true" />
        <entry key="$USER_HOME$/microservices-capstone-project/microservices-capstone" value="true" />
        <entry key="$USER_HOME$/microservices-capstone-project/microservices-config" value="true" />
        <entry key="$USER_HOME$/oa-timesheets-automation" value="true" />
        <entry key="$USER_HOME$/orlowski-contacts" value="true" />
        <entry key="$USER_HOME$/orlowski-file-server" value="true" />
        <entry key="$USER_HOME$/projects/tutorial/tutorial" value="true" />
        <entry key="$USER_HOME$/scrabble-solver" value="true" />
        <entry key="$USER_HOME$/tesco/coding" value="true" />
        <entry key="$USER_HOME$/tesco/coding/coding" value="true" />
        <entry key="$USER_HOME$/test/untitled" value="true" />
        <entry key="$USER_HOME$/tmep" value="true" />
      </map>
    </option>
  </component>
</application>