<application>
  <component name="DimensionService">
    <location key="find.popup.0.0.1920.1080" x="805" y="419" />
    <size key="GridCell.Tab.0.left.0.0.1920.1080" width="1816" height="298" />
    <size key="GridCell.Tab.0.center.0.0.1920.1080" width="1816" height="298" />
    <size key="GridCell.Tab.0.right.0.0.1920.1080" width="1816" height="298" />
    <size key="GridCell.Tab.0.bottom.0.0.1920.1080" width="1816" height="298" />
    <size key="GridCell.Tab.1.left.0.0.1920.1080" width="1816" height="298" />
    <size key="GridCell.Tab.1.center.0.0.1920.1080" width="1816" height="298" />
    <size key="GridCell.Tab.1.right.0.0.1920.1080" width="1816" height="298" />
    <size key="GridCell.Tab.1.bottom.0.0.1920.1080" width="1816" height="298" />
    <size key="find.popup.0.0.1920.1080" width="1117" height="602" />
    <size key="GridCell.Tab.2.left.0.0.1920.1080" width="1816" height="298" />
    <size key="GridCell.Tab.2.center.0.0.1920.1080" width="1816" height="298" />
    <size key="GridCell.Tab.2.right.0.0.1920.1080" width="1816" height="298" />
    <size key="GridCell.Tab.2.bottom.0.0.1920.1080" width="1816" height="298" />
    <size key="GridCell.Tab.3.left.0.0.1920.1080" width="1816" height="298" />
    <size key="GridCell.Tab.3.center.0.0.1920.1080" width="1816" height="298" />
    <size key="GridCell.Tab.3.right.0.0.1920.1080" width="1816" height="298" />
    <size key="GridCell.Tab.3.bottom.0.0.1920.1080" width="1816" height="298" />
    <size key="GridCell.Tab.4.left.0.0.1920.1080" width="1816" height="298" />
    <size key="GridCell.Tab.4.center.0.0.1920.1080" width="1816" height="298" />
    <size key="GridCell.Tab.4.right.0.0.1920.1080" width="1816" height="298" />
    <size key="GridCell.Tab.4.bottom.0.0.1920.1080" width="1816" height="298" />
    <size key="GridCell.Tab.5.left.0.0.1920.1080" width="1816" height="298" />
    <size key="GridCell.Tab.5.center.0.0.1920.1080" width="1816" height="298" />
    <size key="GridCell.Tab.5.right.0.0.1920.1080" width="1816" height="298" />
    <size key="GridCell.Tab.5.bottom.0.0.1920.1080" width="1816" height="298" />
  </component>
  <component name="WindowManager">
    <frame x="9" y="-9" width="1902" height="1055" />
  </component>
  <component name="WindowStateApplicationService">
    <state x="741" y="254" width="428" height="480" key="FileChooserDialogImpl" timestamp="1750623098454">
      <screen x="0" y="0" width="1920" height="1080" />
    </state>
    <state x="741" y="254" width="428" height="480" key="FileChooserDialogImpl/0.0.1920.1080" timestamp="1750623098454" />
    <state width="1195" height="231" key="ShowUsagesActions.dimensionServiceKey" timestamp="1752222974409">
      <screen x="0" y="0" width="1920" height="1080" />
    </state>
    <state width="1195" height="231" key="ShowUsagesActions.dimensionServiceKey/0.0.1920.1080" timestamp="1752222974409" />
  </component>
</application>